User Input,Chatbot Response,Timestamp
hello,Hi there,2024-12-05 17:49:03
tell me about yourself,"As an AI, I don't watch movies, but I can suggest some popular ones like The Shawshank Redemption, Inception, or The Godfather.",2024-12-05 17:49:23
rocks,Growing a vegetable garden allows you to enjoy fresh produce and connect with nature.,2024-12-05 17:49:55
Food,"As a chatbot, I don't eat, but I'm here to help with any questions you have about food!",2024-12-05 17:50:14
party,Growing a vegetable garden allows you to enjoy fresh produce and connect with nature.,2024-12-05 17:50:33
what is meaning of life,"Mindfulness is the practice of being fully present in the moment, observing thoughts and feelings without judgment.",2024-12-05 17:51:16
you are nice,My purpose is to assist you,2024-12-05 17:51:42
thank you,You're welcome,2024-12-05 17:52:00
coding,"Coding is the process of writing instructions for computers to execute tasks. It powers software, websites, and apps.",2024-12-05 18:10:53
what is your skills,I can answer questions and provide assistance,2024-12-29 19:57:06
what is coding ? ,"Mindfulness techniques include meditation, deep breathing, body scanning, and mindful eating.",2024-12-29 19:57:39
